"","election","province","district","candidate","media_mentions","current_vote","previous_vote","winner","liberal","conservative","ndp","bq","other","gender","year_served","place","p2p","government"
"1",2008,"ON","York South--Weston","Alan  Tonks",44,46.5,57.060001373291,1,1,0,0,0,0,"Male",8,149,0,0
"2",2006,"ON","York South--Weston/York-Sud--Weston","Alan Tonks ** Liberal/Lib»ral",60,57.060001373291,59.8300018310547,1,1,0,0,0,0,"Male",6,172,0,1
"3",2008,"ON","Mississauga East--Cooksville","Albina  Guarnieri",66,50.2000007629395,51.6500015258789,1,1,0,0,0,0,"Female",20,246,0,0
"4",2006,"NS","Halifax","Alexa McDonough ** N.D.P./N.P.D.",330,46.8800010681152,41.5499992370605,1,0,0,1,0,0,"Female",9,21,1,0
"5",2008,"QC","Richmond--Arthabaska","Andre  Bellavance",1,46,47.8899993896484,1,0,0,0,1,0,"Male",4,101,1,0
"6",2006,"QC","Richmond--Arthabaska","Andre Bellavance ** Bloc Qu»b»cois/Bloc Qu»b»cois",9,47.8899993896484,55.5499992370605,1,0,0,0,1,0,"Male",2,93,0,0
"7",2008,"ON","Kitchener--Waterloo","Andrew  Telegdi",113,36,46.8499984741211,0,1,0,0,0,0,"Male",15,69,1,0
"8",2006,"SK","Regina--Qu'Appelle","Andrew Scheer ** Conservative/Conservateur",75,41.2099990844727,35.7599983215332,1,0,1,0,0,0,"Male",2,155,0,0
"9",2006,"ON","Kitchener--Waterloo","Andrew Telegdi ** Liberal/Lib»ral",52,46.8499984741211,48.1199989318848,1,1,0,0,0,0,"Male",13,133,0,1
"10",2006,"NB","Tobique--Mactaquac","Andy Savoy ** Liberal/Lib»ral",268,42.8600006103516,48.2299995422363,0,1,0,0,0,0,"Male",2,5,1,1
"11",2008,"MB","Winnipeg South Centre","Anita  Neville",337,42.2999992370605,39.25,1,1,0,0,0,0,"Female",8,139,0,0
"12",2008,"ON","Nipissing--Timiskaming","Anthony  Rota",29,44.5999984741211,44.689998626709,1,1,0,0,0,0,"Male",4,104,1,0
"13",2006,"ON","Nipissing--Timiskaming","Anthony Rota ** Liberal/Lib»ral",17,44.689998626709,42.310001373291,1,1,0,0,0,0,"Male",2,207,0,1
"14",2006,"AL","Calgary Northeast/Calgary-Nord-Est","Art Hanger ** Conservative/Conservateur",108,64.8600006103516,62.2400016784668,1,0,1,0,0,0,"Male",13,163,0,0
"15",2008,"ON","Haliburton--Kawartha Lakes--Brock","Barry  Devolin",14,56,49,1,0,1,0,0,0,"Male",4,210,0,1
"16",2006,"ON","Haliburton--Kawartha Lakes--Brock","Barry Devolin ** Conservative/Conservateur",4,49,44.2299995422363,1,0,1,0,0,0,"Male",2,72,1,0
"17",2006,"QC","Repentigny","Benoit Sauvageau ** Bloc Qu»b»cois/Bloc Qu»b»cois",26,62.4199981689453,70.0599975585938,1,0,0,0,1,0,"Male",13,17,1,0
"18",2008,"QC","Rosemont--La Petite-Patrie","Bernard  Bigras",183,51.9000015258789,55.9900016784668,1,0,0,0,1,0,"Male",11,40,1,0
"19",2008,"QC","Pierrefonds--Dollard","Bernard  Patry",35,46.7999992370605,51.1199989318848,1,1,0,0,0,0,"Male",15,177,0,0
"20",2006,"QC","Rosemont--La Petite-Patrie","Bernard Bigras ** Bloc Qu»b»cois/Bloc Qu»b»cois",16,55.9900016784668,61.7999992370605,1,0,0,0,1,0,"Male",9,92,0,0
"21",2006,"QC","Louis-Saint-Laurent","Bernard Cleary ** Bloc Qu»b»cois/Bloc Qu»b»cois",18,24.1900005340576,38.439998626709,0,0,0,0,1,0,"Male",2,48,1,0
"22",2006,"QC","Pierrefonds--Dollard","Bernard Patry ** Liberal/Lib»ral",28,51.1199989318848,63.5699996948242,1,1,0,0,0,0,"Male",13,194,0,1
"23",2006,"BC","Kamloops--Thompson--Cariboo","Betty Zane Hinton ** Conservative/Conservateur",478,39.2700004577637,40.3499984741211,1,0,1,0,0,0,"Female",6,79,1,0
"24",2008,"ON","Lambton--Kent--Middlesex","Bev  Shipley",6,51.2999992370605,46.3600006103516,1,0,1,0,0,0,"Male",2,163,0,1
"25",2006,"ON","Durham","Bev Oda ** Conservative/Conservateur",142,47.0200004577637,40.7400016784668,1,0,1,0,0,0,"Female",2,1,1,0
"26",2008,"BC","Burnaby--Douglas","Bill  Siksay",277,37.9000015258789,35.5699996948242,1,0,0,1,0,0,"Male",8,186,0,0
"27",2006,"MB","Elmwood--Transcona","Bill Blaikie ** N.D.P./N.P.D.",294,50.8499984741211,51.9900016784668,1,0,0,1,0,0,"Male",27,150,0,0
"28",2006,"NS","Cumberland--Colchester--Musquodoboit Valley","Bill Casey ** Conservative/Conservateur",158,52.0400009155273,50.4900016784668,1,0,1,0,0,0,"Male",14,120,0,0
"29",2006,"NFLD","Random--Burin--St. George's","Bill Matthews ** Liberal/Lib»ral",270,45.4900016784668,46.7700004577637,1,1,0,0,0,0,"Male",9,176,0,1
"30",2006,"BC","Burnaby--Douglas","Bill Siksay ** N.D.P./N.P.D.",313,35.5699996948242,34.5900001525879,1,0,0,1,0,0,"Male",6,16,1,0
"31",2008,"AL","Wetaskiwin","Blaine  Calkins",17,77.0999984741211,75.1500015258789,1,0,1,0,0,0,"Male",2,145,0,1
"32",2006,"AL","Red Deer","Bob Mills ** Conservative/Conservateur",8,75.75,74.8000030517578,1,0,1,0,0,0,"Male",13,84,1,0
"33",2008,"ON","Etobicoke Centre","Borys  Wrzesnewskyj",358,48.9000015258789,52.439998626709,1,1,0,0,0,0,"Male",4,237,0,0
"34",2006,"ON","Etobicoke Centre/Etobicoke-Centre","Borys Wrzesnewskyj ** Liberal/Lib»ral",43,52.439998626709,58.2799987792969,1,1,0,0,0,0,"Male",2,138,0,1
"35",2008,"SK","Saskatoon--Humboldt","Brad  Trost",61,53.7999992370605,49.0699996948242,1,0,1,0,0,0,"Male",4,156,0,1
"36",2006,"SK","Saskatoon--Humboldt","Brad Trost ** Conservative/Conservateur",31,49.0699996948242,26.75,1,0,1,0,0,0,"Male",2,111,0,0
"37",2008,"ON","Algoma--Manitoulin--Kapuskasing","Brent  St. Denis",43,32.5,38.1800003051758,0,1,0,0,0,0,"Male",15,29,1,0
"38",2006,"ON","Algoma--Manitoulin--Kapuskasing","Brent St. Denis ** Liberal/Lib»ral",59,38.1800003051758,40.939998626709,1,1,0,0,0,0,"Male",13,129,0,1
"39",2008,"ON","Windsor West","Brian  Masse",430,52.5,49.4900016784668,1,0,0,1,0,0,"Male",6,187,0,0
"40",2008,"NB","Moncton--Riverview--Dieppe","Brian  Murphy",342,38.5,47.7099990844727,1,1,0,0,0,0,"Male",2,171,0,0
"41",2008,"AL","Westlock--St. Paul","Brian  Storseth",22,72.6999969482422,68.2200012207031,1,0,1,0,0,0,"Male",2,140,0,1
"42",2006,"SK","Prince Albert","Brian Fitzpatrick ** Conservative/Conservateur",51,54.439998626709,47.2799987792969,1,0,1,0,0,0,"Male",6,227,0,0
"43",2006,"AL","Fort McMurray--Athabasca","Brian Jean ** Conservative/Conservateur",21,64.6600036621094,60.2999992370605,1,0,1,0,0,0,"Male",2,55,1,0
"44",2006,"ON","Windsor West/Windsor-Ouest","Brian Masse ** N.D.P./N.P.D.",269,49.4900016784668,45.9700012207031,1,0,0,1,0,0,"Male",4,25,1,0
"45",2006,"MB","Portage--Lisgar","Brian Pallister ** Conservative/Conservateur",333,69.7799987792969,65.9300003051758,1,0,1,0,0,0,"Male",6,91,0,0
"46",2008,"ON","Simcoe North","Bruce  Stanton",16,49.7000007629395,40.4300003051758,1,0,1,0,0,0,"Male",2,9,1,1
"47",2008,"ON","Richmond Hill","Bryon  Wilfert",196,47,53.5800018310547,1,1,0,0,0,0,"Male",11,176,0,0
"48",2006,"SK","Saskatoon--Rosetown--Biggar","Carol Skelton ** Conservative/Conservateur",93,45.5400009155273,44.8400001525879,1,0,1,0,0,0,"Female",6,220,0,0
"49",2008,"QC","Ch‚teauguay_Saint-Constant","Carole  Freeman",9,45.5999984741211,51.3800010681152,1,0,0,0,1,0,"Female",2,92,1,0
"50",2008,"QC","Saint-Bruno--Saint-Hubert","Carole  Lavall»e",40,44.9000015258789,50.2900009155273,1,0,0,0,1,0,"Female",4,113,1,0
"51",2006,"QC","Saint-Bruno--Saint-Hubert","Carole Lavallee ** Bloc Qu»b»cois/Bloc Qu»b»cois",14,50.2900009155273,55.1100006103516,1,0,0,0,1,0,"Female",2,217,0,0
"52",2006,"QC","Longueuil--Pierre-Boucher","Caroline St-Hilaire ** Bloc Qu»b»cois/Bloc Qu»b»cois",14,55.2000007629395,60.939998626709,1,0,0,0,1,0,"Female",9,40,1,0
"53",2008,"ON","St. Paul's","Carolyn  Bennett",804,50.5,50.2599983215332,1,1,0,0,0,0,"Female",11,49,1,0
"54",2008,"BC","Vancouver Island North","Catherine Bell",NA,41.4300003051758,41.7200012207031,0,0,0,1,0,0,"Female",2,25,1,0
"55",2008,"NB","Miramichi","Charles  Hubbard",50,37,42.2700004577637,0,1,0,0,0,0,"Male",15,244,0,0
"56",2008,"ON","Timmins--James Bay","Charlie  Angus",367,56.5,50.5800018310547,1,0,0,1,0,0,"Male",4,192,0,0
"57",2006,"ON","Timmins--James Bay/Timmins--Baie James","Charlie Angus ** N.D.P./N.P.D.",371,50.5800018310547,41.4500007629395,1,0,0,1,0,0,"Male",2,232,0,0
"58",2008,"ON","Renfrew--Nipissing--Pembroke","Cheryl  Gallant",70,61.0999984741211,57.689998626709,1,0,1,0,0,0,"Female",8,37,1,1
"59",2006,"ON","Renfrew--Nipissing--Pembroke","Cheryl Gallant ** Conservative/Conservateur",210,57.689998626709,55.0800018310547,1,0,1,0,0,0,"Female",6,137,0,0
"60",2008,"ON","Hamilton Mountain","Chris  Charlton",51,43.7000007629395,37.4300003051758,1,0,0,1,0,0,"Male",2,232,0,0
"61",2008,"AL","Peace River","Chris  Warkentin",12,69.5,56.9700012207031,1,0,1,0,0,0,"Male",2,62,1,1
"62",2008,"QC","Brome--Missisquoi","Christian Ouellet",14,35.2000007629395,38.3300018310547,1,1,0,0,0,0,"Male",2,221,0,0
"63",2006,"QC","Beauport--Limoilou","Christian Simard ** Bloc Qu»b»cois/Bloc Qu»b»cois",5,37.8699989318848,49.6500015258789,0,0,0,0,1,0,"Male",2,43,1,0
"64",2008,"QC","Qu»bec","Christiane  Gagnon",25,41.5999984741211,41.5299987792969,1,0,0,0,1,0,"Female",15,32,1,0
"65",2006,"QC","Qu»bec","Christiane Gagnon ** Bloc Qu»b»cois/Bloc Qu»b»cois",5,41.5299987792969,50.6300010681152,1,0,0,0,1,0,"Female",13,166,0,0
"66",2008,"QC","Saint-Jean","Claude  Bachand",99,49.5999984741211,53.9799995422363,1,0,0,0,1,0,"Male",15,185,0,0
"67",2006,"QC","Saint-Jean","Claude Bachand ** Bloc Qu»b»cois/Bloc Qu»b»cois",38,53.9799995422363,60.1100006103516,1,0,0,0,1,0,"Male",13,180,0,0
"69",2008,"BC","Okanagan--Shuswap","Colin  Mayes",537,51.7000007629395,44.8600006103516,1,0,1,0,0,0,"Male",2,224,0,1
"70",2006,"ON","Oshawa","Colin Carrie ** Conservative/Conservateur",32,38.6100006103516,33.2099990844727,1,0,1,0,0,0,"Male",2,7,1,0
"71",2006,"ON","Brampton West/Brampton-Ouest","Colleen Beaumier ** Liberal/Lib»ral",6,49.1199989318848,45.2999992370605,1,1,0,0,0,0,"Female",13,230,0,1
"72",2008,"ON","Pickering--Scarborough East","Dan  McTeague",762,49.7000007629395,52.6800003051758,1,1,0,0,0,0,"Male",15,18,1,0
"73",2008,"ON","Prince Edward--Hastings","Daryl  Kramp",24,50.2000007629395,48.6699981689453,1,0,1,0,0,0,"Male",4,178,0,1
"74",2006,"ON","Prince Edward--Hastings","Daryl Kramp ** Conservative/Conservateur",30,48.6699981689453,42.3600006103516,1,0,1,0,0,0,"Male",2,28,1,0
"75",2008,"ON","Chatham-Kent--Essex","Dave  Van Kesteren",21,47.9000015258789,42.810001373291,1,0,1,0,0,0,"Male",2,130,0,1
"76",2006,"SK","Palliser","Dave Batters ** Conservative/Conservateur",91,42.9900016784668,35.8499984741211,1,0,1,0,0,0,"Male",2,90,0,0
"77",2006,"ON","Oxford","Dave MacKenzie ** Conservative/Conservateur",24,46.5499992370605,44.8899993896484,1,0,1,0,0,0,"Male",2,149,0,0
"79",2008,"ON","Hamilton Centre","David  Christopherson",112,49.2999992370605,51.2900009155273,1,0,0,1,0,0,"Male",4,238,0,0
"80",2008,"ON","Ottawa South","David  McGuinty",899,49.7999992370605,44.1500015258789,1,1,0,0,0,0,"Male",4,107,1,0
"81",2008,"ON","Dufferin--Caledon","David  Tilson",46,53.0999984741211,47.939998626709,1,0,1,0,0,0,"Male",4,209,0,1
"82",2006,"SK","Cypress Hills--Grasslands","David Anderson ** Conservative/Conservateur",870,66.4800033569336,60.6399993896484,1,0,1,0,0,0,"Male",6,23,1,0
"83",2006,"ON","Hamilton Centre/Hamilton-Centre","David Christopherson ** N.D.P./N.P.D.",49,51.2900009155273,45.810001373291,1,0,0,1,0,0,"Male",2,171,0,0
"84",2006,"ON","Ottawa South/Ottawa-Sud","David McGuinty ** Liberal/Lib»ral",90,44.1500015258789,43.8199996948242,1,1,0,0,0,0,"Male",2,179,0,1
"85",2006,"QC","Pontiac","David Smith ** Liberal/Lib»ral",363,24.2299995422363,38.3600006103516,0,1,0,0,0,0,"Male",2,178,0,1
"86",2006,"ON","Dufferin--Caledon","David Tilson ** Conservative/Conservateur",38,47.939998626709,42.810001373291,1,0,1,0,0,0,"Male",2,105,0,0
"87",2008,"BC","New Westminster--Coquitlam","Dawn  Black",881,41.7999992370605,38.3199996948242,1,0,0,1,0,0,"Female",7,117,0,0
"88",2008,"ON","Niagara West--Glanbrook","Dean  Allison",26,52,47.3800010681152,1,0,1,0,0,0,"Male",4,66,1,1
"89",2008,"ON","Peterborough","Dean  Del Mastro",84,47.4000015258789,35.9000015258789,1,0,1,0,0,0,"Male",2,161,0,1
"90",2006,"ON","Niagara West--Glanbrook/Niagara-Ouest--Glanbrook","Dean Allison ** Conservative/Conservateur",37,47.3800010681152,40.2900009155273,1,0,1,0,0,0,"Male",2,96,0,0
"91",2006,"AL","Calgary East/Calgary-Est","Deepak Obhrai ** Conservative/Conservateur",99,67.0999984741211,61.1199989318848,1,0,1,0,0,0,"Male",9,175,0,0
"92",2008,"QC","Bourassa","Denis  Coderre",1185,49.7999992370605,43.4099998474121,1,1,0,0,0,0,"Male",9,111,1,0
"93",2006,"QC","Brome--Missisquoi","Denis Paradis ** Liberal/Lib»ral",41,27.9699993133545,42.0800018310547,0,1,0,0,0,0,"Male",11,198,0,1
"94",2008,"BC","Victoria","Denise  Savoie",447,44.5999984741211,38.4599990844727,1,0,0,1,0,0,"Female",2,26,1,0
"95",2008,"NWT","Western Arctic","Dennis  Bevington",70,41.4000015258789,42.1599998474121,1,0,0,1,0,0,"Male",2,218,0,0
"96",2008,"ON","Scarborough--Rouge River","Derek  Lee",351,58.2000007629395,65.620002746582,1,1,0,0,0,0,"Male",20,254,0,0
"97",2006,"ON","Scarborough--Rouge River","Derek Lee ** Liberal/Lib»ral",170,65.620002746582,57.9199981689453,1,1,0,0,0,0,"Male",18,39,1,1
"98",2008,"QC","Terrebonne--Blainville","Diane  Bourgeois",8,52.2999992370605,59.1699981689453,1,0,0,0,1,0,"Female",8,60,1,0
"99",2008,"ON","Sudbury","Diane  Marleau",34,30.2000007629395,41.5699996948242,0,1,0,0,0,0,"Female",24,34,1,0
"100",2006,"AL","Calgary--Nose Hill","Diane Ablonczy ** Conservative/Conservateur",409,68.4899978637695,64.379997253418,1,0,1,0,0,0,"Female",13,33,1,0
"101",2006,"QC","Terrebonne--Blainville","Diane Bourgeois ** Bloc Qu»b»cois/Bloc Qu»b»cois",3,59.1699981689453,68.129997253418,1,0,0,0,1,0,"Female",6,42,1,0
"102",2006,"ON","Haldimand--Norfolk","Diane Finley ** Conservative/Conservateur",83,48.3300018310547,42.1500015258789,1,0,1,0,0,0,"Female",2,158,0,0
"103",2008,"BC","Cariboo--Prince George","Dick  Harris",753,55.4000015258789,44.939998626709,1,0,1,0,0,0,"Male",15,252,0,1
"104",2006,"BC","Cariboo--Prince George","Dick Harris ** Conservative/Conservateur",396,44.939998626709,46.7200012207031,1,0,1,0,0,0,"Male",13,18,1,0
"105",2008,"NB","Beaus»jour","Dominic  LeBlanc",391,46.5999984741211,47.5499992370605,1,1,0,0,0,0,"Male",8,229,0,0
"106",2008,"BC","North Vancouver","Don  Bell",405,37.2999992370605,42.3499984741211,0,1,0,0,0,0,"Male",4,90,1,0
"107",2006,"BC","North Vancouver","Don Bell ** Liberal/Lib»ral",325,42.3499984741211,40.0299987792969,1,1,0,0,0,0,"Male",2,121,0,1
"108",2008,"BC","Abbotsford","Ed  Fast",450,63.2999992370605,63.2700004577637,1,0,1,0,0,0,"Male",2,1,1,1
"109",2006,"SK","Souris--Moose Mountain","Ed Komarnicki ** Conservative/Conservateur",13,62.8199996948242,36.9000015258789,1,0,1,0,0,0,"Male",2,151,0,0
"110",2008,"NFLD","Avalon","Fabian  Manning",107,35.2000007629395,51.5499992370605,0,0,1,0,0,0,"Male",2,255,0,1
"111",2008,"QC","Compton--Stanstead","France  Bonsant",7,41.7000007629395,42.7700004577637,1,0,0,0,1,0,"Female",4,103,1,0
"112",2006,"QC","Compton--Stanstead","France Bonsant ** Bloc Qu»b»cois/Bloc Qu»b»cois",12,42.7700004577637,46.7000007629395,1,0,0,0,1,0,"Female",2,199,0,0
"113",2008,"QC","La Pointe-de-l'_le","Francine  Lalonde",51,56.0999984741211,60.4599990844727,1,0,0,0,1,0,"Female",15,248,0,0
"114",2006,"QC","La Pointe-de-l'_le","Francine Lalonde ** Bloc Qu»b»cois/Bloc Qu»b»cois",46,60.4599990844727,66.4700012207031,1,0,0,0,1,0,"Female",13,63,1,0
"115",2008,"QC","Lac-Saint-Louis","Francis  Scarpaleggia",65,46.4000015258789,48.1699981689453,1,1,0,0,0,0,"Male",4,53,1,0
"116",2006,"QC","Lac-Saint-Louis","Francis Scarpaleggia ** Liberal/Lib»ral",30,48.1699981689453,63.9099998474121,1,1,0,0,0,0,"Male",2,115,0,1
"117",2006,"QC","Gatineau","Francoise Boivin ** Liberal/Lib»ral",141,31.3099994659424,42.0900001525879,0,1,0,0,0,0,"Female",2,145,0,1
"118",2008,"SK","Yorkton--Melville","Garry  Breitkreuz",109,68,63.4700012207031,1,0,1,0,0,0,"Male",15,211,0,1
"119",2006,"SK","Yorkton--Melville","Garry Breitkreuz ** Conservative/Conservateur",150,63.4700012207031,62.939998626709,1,0,1,0,0,0,"Male",13,45,1,0
"120",2008,"ON","Halton","Garth  Turner",1027,36.2000007629395,44.1800003051758,0,1,0,0,0,0,"Male",7,215,0,0
"121",2008,"ON","Cambridge","Gary  Goodyear",118,48.7000007629395,43.8499984741211,1,0,1,0,0,0,"Male",4,205,0,1
"122",2006,"ON","Halton","Gary Carr ** Liberal/Lib»ral",43,41.439998626709,48.3499984741211,0,1,0,0,0,0,"Male",2,68,1,1
"123",2006,"ON","Cambridge","Gary Goodyear ** Conservative/Conservateur",55,43.8499984741211,37.0900001525879,1,0,1,0,0,0,"Male",2,170,0,0
"124",2008,"ON","Perth--Wellington","Gary Ralph  Schellenberger",11,48,46.1399993896484,1,0,1,0,0,0,"Male",5,85,1,1
"125",2006,"ON","Perth--Wellington","Gary Schellenberger ** Conservative/Conservateur",10,46.1399993896484,41.9700012207031,1,0,1,0,0,0,"Male",3,156,0,0
"126",2006,"BC","Saanich--Gulf Islands","Gary Vincent Lunn ** Conservative/Conservateur",298,37.1500015258789,34.5800018310547,1,0,1,0,0,0,"Male",9,164,0,0
"127",2008,"NS","Halifax West","Geoff  Regan",93,41.5,49.3600006103516,1,1,0,0,0,0,"Male",8,12,1,0
"128",2006,"NS","South Shore--St. Margaret's","Gerald Gordon Keddy ** Conservative/Conservateur",152,36.8499984741211,37.9000015258789,1,0,1,0,0,0,"Male",9,85,1,0
"129",2008,"QC","Manicouagan","Gerard  Asselin",8,49.2999992370605,51.0999984741211,1,0,0,0,1,0,"Male",15,228,0,0
"130",2006,"QC","Manicouagan","Gerard Asselin ** Bloc Qu»b»cois/Bloc Qu»b»cois",0,51.0999984741211,58.5099983215332,1,0,0,0,1,0,"Male",13,24,1,0
"131",2008,"NFLD","Humber--St. Barbe--Baie Verte","Gerry  Byrne",94,68.1999969482422,52.9000015258789,1,1,0,0,0,0,"Male",12,94,1,0
"132",2006,"SK","Battlefords--Lloydminster","Gerry Ritz ** Conservative/Conservateur",42,53.9599990844727,58.25,1,0,1,0,0,0,"Male",9,190,0,0
"133",2008,"QC","Laurier--Sainte-Marie","Gilles  Duceppe",4611,50.2999992370605,54.689998626709,1,0,0,0,1,0,"Male",15,141,0,0
"134",2006,"QC","Laurier--Sainte-Marie","Gilles Duceppe ** Bloc Qu»b»cois/Bloc Qu»b»cois",5076,54.689998626709,60.0699996948242,1,0,0,0,1,0,"Male",13,139,0,0
"135",2006,"QC","Riviere des Milles Iles","Gilles-A. Perron ** Bloc Qu»b»cois/Bloc Qu»b»cois",0,53.9000015258789,61.3899993896484,1,0,0,0,1,0,"Male",9,148,0,0
"136",2008,"ON","Leeds--Grenville","Gord  Brown",123,58.2999992370605,54.6500015258789,1,0,1,0,0,0,"Male",8,98,1,1
"137",2006,"ON","Leeds--Grenville","Gord Brown ** Conservative/Conservateur",54,54.6500015258789,50.4599990844727,1,0,1,0,0,0,"Male",6,209,0,0
"138",2006,"ON","Carleton--Mississippi Mills","Gordon O'Connor ** Conservative/Conservateur",393,56.189998626709,50.0400009155273,1,0,1,0,0,0,"Male",2,118,0,0
"139",2006,"NB","New Brunswick Southwest/Nouveau-Brunswick-Sud-Ouest","Greg Thompson ** Conservative/Conservateur",176,54.7999992370605,53.060001373291,1,0,1,0,0,0,"Male",14,106,0,0
"140",2008,"ON","Bramalea--Gore--Malton","Gurbax S.  Malhi",16,45,50.6800003051758,1,1,0,0,0,0,"Male",15,114,1,0
"141",2008,"QC","Berthier--Maskinong»","Guy  Andr»",42,45.7999992370605,48.5,1,0,0,0,1,0,"Male",4,75,1,0
"142",2006,"QC","Berthier--Maskinong»","Guy Andre ** Bloc Qu»b»cois/Bloc Qu»b»cois",39,48.5,59.9000015258789,1,0,0,0,1,0,"Male",2,183,0,0
"143",2006,"QC","Portneuf--Jacques-Cartier","Guy Cote ** Bloc Qu»b»cois/Bloc Qu»b»cois",21,25.8799991607666,42.9099998474121,0,0,0,0,1,0,"Male",2,61,1,0
"144",2006,"ON","Stormont--Dundas--South Glengarry","Guy Lauzon ** Conservative/Conservateur",32,54.7299995422363,44.8499984741211,1,0,1,0,0,0,"Male",2,213,0,0
"145",2008,"ON","Kitchener--Conestoga","Harold  Albrecht",24,49.2000007629395,41.2200012207031,1,0,1,0,0,0,"Male",2,213,0,1
"146",2008,"BC","Vancouver Centre","Hedy  Fry",794,34.4000015258789,43.7999992370605,1,1,0,0,0,0,"Female",15,179,0,0
"147",2006,"ON","Simcoe--Grey","Helena Guergis ** Conservative/Conservateur",102,49.7599983215332,40.6199989318848,1,0,1,0,0,0,"Female",2,160,0,0
"148",2008,"MB","Dauphin--Swan River--Marquette","Inky  Mark",104,61.5,59.0800018310547,1,0,1,0,0,0,"Male",11,23,1,1
"149",2006,"MB","Dauphin--Swan River--Marquette","Inky Mark ** Conservative/Conservateur",132,59.0800018310547,53.9500007629395,1,0,1,0,0,0,"Male",9,13,1,0
"150",2008,"ON","London--Fanshawe","Irene  Mathyssen",188,42.9000015258789,34.5099983215332,1,0,0,1,0,0,"Female",2,154,0,0
"151",2008,"QC","Mount Royal","Irwin  Cotler",970,55.7000007629395,65.5500030517578,1,1,0,0,0,0,"Male",9,173,0,0
"152",2008,"ON","Toronto--Danforth","Jack  Layton",10295,45,48.4199981689453,1,0,0,1,0,0,"Male",4,44,1,0
"153",2006,"ON","Toronto--Danforth","Jack Layton ** N.D.P./N.P.D.",10008,48.4199981689453,46.3400001525879,1,0,0,1,0,0,"Male",2,128,0,0
"154",2008,"MB","Selkirk--Interlake","James  Bezan",50,60.5999984741211,48.9900016784668,1,0,1,0,0,0,"Male",4,89,1,1
"155",2008,"BC","Nanaimo--Alberni","James  Lunney",709,46.7000007629395,41.3600006103516,1,0,1,0,0,0,"Male",8,127,0,1
"156",2008,"AL","Edmonton--Leduc","James  Rajotte",175,62.5999984741211,60.5299987792969,1,0,1,0,0,0,"Male",8,10,1,1
"157",2006,"MB","Selkirk--Interlake","James Bezan ** Conservative/Conservateur",30,48.9900016784668,47.25,1,0,1,0,0,0,"Male",2,109,0,0
"158",2006,"BC","Nanaimo--Alberni","James Lunney ** Conservative/Conservateur",371,41.3600006103516,39.0699996948242,1,0,1,0,0,0,"Male",6,74,1,0
"159",2006,"BC","Port Moody--Westwood--Port Coquitlam","James Moore ** Conservative/Conservateur",572,41.1199989318848,40.939998626709,1,0,1,0,0,0,"Male",6,147,0,0
"160",2006,"AL","Edmonton--Leduc","James Rajotte ** Conservative/Conservateur",201,60.5299987792969,55.0499992370605,1,0,1,0,0,0,"Male",6,211,0,0
"161",2006,"AL","Calgary Southeast/Calgary-Sud-Est","Jason Kenney ** Conservative/Conservateur",626,75.1800003051758,71,1,0,1,0,0,0,"Male",9,97,0,0
"162",2006,"BC","Prince George--Peace River","Jay Hill ** Conservative/Conservateur",1105,59.8899993896484,58.7099990844727,1,0,1,0,0,0,"Male",13,52,1,0
"163",2008,"BC","Nanaimo--Cowichan","Jean  Crowder",808,45.2000007629395,46.7700004577637,1,0,0,1,0,0,"Female",4,59,1,0
"164",2006,"BC","Nanaimo--Cowichan","Jean Crowder ** N.D.P./N.P.D.",568,46.7700004577637,43.7099990844727,1,0,0,1,0,0,"Female",2,152,0,0
"165",2006,"NB","Madawaska--Restigouche","Jean-Claude J. C. D'Amours ** Liberal/Lib»ral",48,38.0200004577637,44.6599998474121,1,1,0,0,0,0,"Male",2,57,1,1
"166",2008,"NB","Madawaska--Restigouche","Jean-Claude JC  D'Amours",86,47.2000007629395,38.0200004577637,1,1,0,0,0,0,"Male",4,250,0,0
"167",2008,"QC","Saint-Maurice--Champlain","Jean-Yves  Laforest",13,43.7999992370605,45.2999992370605,1,0,0,0,1,0,"Male",2,108,1,0
"168",2008,"QC","Haute-Gasp»sie--La Mitis--Matane--Matap»dia","Jean-Yves  Roy",29,37.5,46.0400009155273,1,0,0,0,1,0,"Male",8,207,0,0
"169",2006,"QC","Haute-Gasp»sie--La Mitis--Matane--Matap»dia","Jean-Yves Roy ** Bloc Qu»b»cois/Bloc Qu»b»cois",5,46.0400009155273,56.4500007629395,1,0,0,0,1,0,"Male",6,36,1,0
"170",2008,"ON","Essex","Jeff  Watson",399,40,40.4000015258789,1,0,1,0,0,0,"Male",4,33,1,1
"171",2006,"ON","Essex","Jeff Watson ** Conservative/Conservateur",156,40.4000015258789,36.5699996948242,1,0,1,0,0,0,"Male",2,22,1,0
"172",2006,"SK","Desneth»--Missinippi--Churchill River/Desneth»--Missinippi--RiviÀre Churchill","Jeremy Harrison ** Conservative/Conservateur",59,41.0900001525879,37.3899993896484,0,0,1,0,0,0,"Male",2,15,1,0
"173",2008,"ON","Scarborough--Agincourt","Jim  Karygiannis",253,56.5999984741211,62.5900001525879,1,1,0,0,0,0,"Male",20,168,0,0
"174",2006,"BC","Kootenay--Columbia","Jim Abbott ** Conservative/Conservateur",502,54.3600006103516,39.6300010681152,1,0,1,0,0,0,"Male",13,34,1,0
"175",2006,"AL","Calgary Centre-North/Calgary-Centre-Nord","Jim Prentice ** Conservative/Conservateur",414,56,54.189998626709,1,0,1,0,0,0,"Male",2,203,0,0
"176",2008,"ON","Windsor--Tecumseh","Joe  Comartin",876,48.7999992370605,44.6300010681152,1,0,0,1,0,0,"Male",8,247,0,0
"177",2008,"ON","Elgin--Middlesex--London","Joe  Preston",47,48.4000015258789,45.6199989318848,1,0,1,0,0,0,"Male",4,172,0,1
"178",2006,"ON","Windsor--Tecumseh","Joe Comartin ** N.D.P./N.P.D.",529,44.6300010681152,41.8499984741211,1,0,0,1,0,0,"Male",6,119,0,0
"179",2006,"ON","Elgin--Middlesex--London","Joe Preston ** Conservative/Conservateur",38,45.6199989318848,43.8400001525879,1,0,1,0,0,0,"Male",2,60,1,0
"180",2008,"QC","Laurentides--Labelle","Johanne  Deschamps",2,47,53.8199996948242,1,0,0,0,1,0,"Female",4,24,1,0
"181",2006,"QC","Laurentides--Labelle","Johanne Deschamps ** Bloc Qu»b»cois/Bloc Qu»b»cois",0,53.8199996948242,58.3800010681152,1,0,0,0,1,0,"Female",2,212,0,0
"182",2008,"ON","Scarborough Centre","John  Cannis",25,48.7000007629395,55.3800010681152,1,1,0,0,0,0,"Male",15,57,1,0
"183",2008,"BC","Delta--Richmond East","John  Cummins",855,55.9000015258789,48.439998626709,1,0,1,0,0,0,"Male",15,91,1,1
"184",2008,"ON","Welland","John  Maloney",31,28,35.5299987792969,0,1,0,0,0,0,"Male",15,131,0,0
"185",2008,"ON","Markham--Unionville","John  McCallum",1241,54.9000015258789,61.8899993896484,1,1,0,0,0,0,"Male",8,194,0,0
"186",2008,"ON","Scarborough--Guildwood","John  McKay",1767,50.2999992370605,53.2599983215332,1,1,0,0,0,0,"Male",11,13,1,0
"187",2006,"ON","Scarborough Centre/Scarborough-Centre","John Cannis ** Liberal/Lib»ral",17,55.3800010681152,56.6500015258789,1,1,0,0,0,0,"Male",13,126,0,1
"188",2006,"BC","Delta--Richmond East/Delta--Richmond-Est","John Cummins ** Conservative/Conservateur",483,48.439998626709,45.5999984741211,1,0,1,0,0,0,"Male",13,228,0,0
"189",2006,"BC","Vancouver Island North","John Duncan ** Conservative/Conservateur",449,40.6399993896484,35.4099998474121,0,0,1,0,0,0,"Male",13,6,1,0
"190",2006,"ON","Welland","John Maloney ** Liberal/Lib»ral",48,35.5299987792969,39.6300010681152,1,1,0,0,0,0,"Male",13,210,0,1
"191",2006,"AL","Edmonton--St. Albert","John Williams ** Conservative/Conservateur",702,59.689998626709,57.6500015258789,1,0,1,0,0,0,"Male",13,131,0,0
"192",2008,"ON","Eglinton--Lawrence","Joseph  Volpe",16,44,52.8899993896484,1,1,0,0,0,0,"Male",20,153,0,0
"193",2008,"MB","Kildonan--St. Paul","Joy  Smith",159,53.4000015258789,43.1300010681152,1,0,1,0,0,0,"Female",4,36,1,1
"194",2006,"MB","Kildonan--St. Paul","Joy Smith ** Conservative/Conservateur",36,43.1300010681152,37.2999992370605,1,0,1,0,0,0,"Female",2,80,1,0
"195",2008,"ON","York West","Judy  Sgro",265,59.4000015258789,63.7799987792969,1,1,0,0,0,0,"Female",9,71,1,0
"196",2008,"MB","Winnipeg North","Judy  Wasylycia-Leis",492,62.5999984741211,57.1800003051758,1,0,0,1,0,0,"Female",11,144,0,0
"197",2006,"MB","Winnipeg North/Winnipeg-Nord","Judy Wasylycia-Leis ** N.D.P./N.P.D.",439,57.1800003051758,48.1599998474121,1,0,0,1,0,0,"Female",9,159,0,0
"198",2008,"ON","Kitchener Centre","Karen  Redman",154,35.9000015258789,43.2599983215332,0,1,0,0,0,0,"Female",11,43,1,0
"199",2006,"ON","Kitchener Centre/Kitchener-Centre","Karen Redman ** Liberal/Lib»ral",171,43.2599983215332,47.1300010681152,1,1,0,0,0,0,"Female",9,231,0,1
"200",2008,"BC","Esquimalt--Juan de Fuca","Keith  Martin",1085,34.0999984741211,34.9300003051758,1,1,0,0,0,0,"Male",15,223,0,0
"201",2008,"ON","Thunder Bay--Rainy River","Ken  Boshcoff",48,32.2999992370605,35.1300010681152,0,1,0,0,0,0,"Male",4,84,1,0
"202",2008,"ON","York Centre","Ken  Dryden",2479,43.5,52.6599998474121,1,1,0,0,0,0,"Male",4,81,1,0
"203",2006,"ON","Thunder Bay--Rainy River","Ken Boshcoff ** Liberal/Lib»ral",0,35.1300010681152,39.3699989318848,1,1,0,0,0,0,"Male",2,167,0,1
"204",2006,"AL","Edmonton--Sherwood Park","Ken Epp ** Conservative/Conservateur",89,63.9700012207031,57.8699989318848,1,0,1,0,0,0,"Male",13,218,0,0
"205",2008,"AL","Crowfoot","Kevin  Sorenson",47,82,82.5599975585938,1,0,1,0,0,0,"Male",8,105,1,1
"206",2006,"AL","Crowfoot","Kevin A. Sorenson ** Conservative/Conservateur",42,82.5599975585938,80.2099990844727,1,0,1,0,0,0,"Male",6,136,0,0
"207",2008,"Yukon","Yukon","Larry  Bagnell",274,45.7999992370605,48.5200004577637,1,1,0,0,0,0,"Male",8,116,1,0
"208",2008,"ON","Bruce--Grey--Owen Sound","Larry  Miller",155,47.5999984741211,48.1800003051758,1,0,1,0,0,0,"Male",4,225,0,1
"209",2006,"ON","Bruce--Grey--Owen Sound","Larry Miller ** Conservative/Conservateur",70,48.1800003051758,44.9900016784668,1,0,1,0,0,0,"Male",2,192,0,0
"210",2008,"PEI","Cardigan","Lawrence  MacAulay",113,52.7999992370605,56.2099990844727,1,1,0,0,0,0,"Male",20,236,0,0
"211",2006,"PEI","Cardigan","Lawrence MacAulay ** Liberal/Lib»ral",175,56.2099990844727,53.3800010681152,1,1,0,0,0,0,"Male",18,144,0,1
"212",2008,"AL","Calgary Centre","Lee  Richardson",164,55.2000007629395,55.4099998474121,1,0,1,0,0,0,"Male",9,146,0,1
"213",2006,"AL","Calgary Centre/Calgary-Centre","Lee Richardson ** Conservative/Conservateur",147,55.4099998474121,51.1599998474121,1,0,1,0,0,0,"Male",7,225,0,0
"214",2008,"AL","Vegreville--Wainwright","Leon  Benoit",99,76.6999969482422,74.1699981689453,1,0,1,0,0,0,"Male",15,2,1,1
"215",2006,"AL","Vegreville--Wainwright","Leon Benoit ** Conservative/Conservateur",59,74.1699981689453,73.5400009155273,1,0,1,0,0,0,"Male",13,66,1,0
"216",2008,"BC","Vancouver East","Libby  Davies",478,54.4000015258789,56.5699996948242,1,0,0,1,0,0,"Female",11,243,0,0
"217",2006,"BC","Vancouver East/Vancouver-Est","Libby Davies ** N.D.P./N.P.D.",546,56.5699996948242,56.4599990844727,1,0,0,1,0,0,"Female",9,174,0,0
"218",2008,"ON","Brant","Lloyd  St. Amand",14,33.0999984741211,36.9500007629395,0,1,0,0,0,0,"Male",4,122,0,0
"219",2006,"ON","Brant","Lloyd St. Amand ** Liberal/Lib»ral",5,36.9500007629395,38.0499992370605,1,1,0,0,0,0,"Male",2,208,0,1
"220",2008,"QC","Bas-Richelieu--Nicolet--B»cancour","Louis  Plamondon",53,54.5999984741211,55.9199981689453,1,0,0,0,1,0,"Male",24,164,0,0
"221",2006,"QC","Bas-Richelieu--Nicolet--B»cancour","Louis Plamondon ** Bloc Qu»b»cois/Bloc Qu»b»cois",10,55.9199981689453,64.6699981689453,1,0,0,0,1,0,"Male",22,223,0,0
"222",2006,"QC","Rimouski-Neigette--T»miscouata--Les Basques","Louise Thibault ** Bloc Qu»b»cois/Bloc Qu»b»cois",14,46.3800010681152,57.6300010681152,1,0,0,0,1,0,"Female",2,78,1,0
"223",2006,"NFLD","St. John's South--Mount Pearl/St. John's-Sud--Mount Pearl","Loyola Hearn ** Conservative/Conservateur",278,44.689998626709,39.5699996948242,1,0,1,0,0,0,"Male",6,88,0,0
"224",2008,"QC","VerchÀres--Les Patriotes","Luc  Malo",25,50.5,57.4300003051758,1,0,0,0,1,0,"Male",2,110,1,0
"225",2008,"ON","Oak Ridges--Markham","Lui  Temelkovski",25,41.5,47.060001373291,0,1,0,0,0,0,"Male",4,8,1,0
"226",2006,"ON","Oak Ridges--Markham","Lui Temelkovski ** Liberal/Lib»ral",13,47.060001373291,51.7299995422363,1,1,0,0,0,0,"Male",2,125,0,1
"227",2006,"ON","Kitchener--Conestoga","Lynn Myers ** Liberal/Lib»ral",11,38.4799995422363,42.2900009155273,0,1,0,0,0,0,"Male",9,215,0,1
"228",2006,"SK","Blackstrap","Lynne Yelich ** Conservative/Conservateur",79,47.9900016784668,41.4799995422363,1,0,1,0,0,0,"Female",6,205,0,0
"229",2006,"ON","Oakville","M. A. Bonnie Brown ** Liberal/Lib»ral",50,43.3499984741211,52.0099983215332,1,1,0,0,0,0,"Female",13,182,0,1
"230",2008,"ON","Oakville","M.A. Bonnie  Brown",123,37,43.3499984741211,0,1,0,0,0,0,"Female",15,234,0,0
"231",2006,"QC","Saint-Lambert","Maka Kotto ** Bloc Qu»b»cois/Bloc Qu»b»cois",48,45.2999992370605,48.8400001525879,1,0,0,0,1,0,"Male",2,82,1,0
"232",2008,"QC","Abitibi--T»miscamingue","Marc  Lemay",19,47.9000015258789,52.3400001525879,1,0,0,0,1,0,"Male",4,96,1,0
"233",2006,"QC","Megantic L'Erable","Marc Boulianne ** Bloc Qu»b»cois/Bloc Qu»b»cois",50,32.6199989318848,44.7400016784668,0,0,0,0,1,0,"Male",2,89,0,0
"234",2006,"ON","Ottawa--Orl»ans","Marc Godbout ** Liberal/Lib»ral",27,39.0800018310547,44.9900016784668,0,1,0,0,0,0,"Male",2,196,0,1
"235",2006,"QC","Abitibi--T»miscamingue","Marc Lemay ** Bloc Qu»b»cois/Bloc Qu»b»cois",5,52.3400001525879,57.6599998474121,1,0,0,0,1,0,"Male",2,140,0,0
"236",2008,"QC","Brossard--La Prairie","Marcel  Lussier",2,32.5999984741211,37.1699981689453,0,0,0,0,1,0,"Male",2,240,0,0
"237",2008,"QC","Hull--Aylmer","Marcel  Proulx",142,37.5,32.6699981689453,1,1,0,0,0,0,"Male",9,174,0,0
"238",2008,"ON","Beaches--East York","Maria  Minna",158,40.9000015258789,40.3899993896484,1,1,0,0,0,0,"Female",15,31,1,0
"239",2006,"ON","Beaches--East York","Maria Minna ** Liberal/Lib»ral",96,40.3899993896484,47.9300003051758,1,1,0,0,0,0,"Female",13,226,0,1
"240",2008,"QC","Ahuntsic","Maria Mourani",104,39.0999984741211,38.0999984741211,0,0,0,0,1,0,"Female",2,102,1,0
"241",2008,"QC","Argenteuil--Papineau--Mirabel","Mario  Laframboise",42,48.0999984741211,52.1300010681152,1,0,0,0,1,0,"Male",8,155,0,0
"242",2008,"ON","Davenport","Mario  Silva",88,45.7999992370605,51.8699989318848,1,1,0,0,0,0,"Male",4,61,1,0
"243",2006,"QC","Argenteuil--Papineau--Mirabel","Mario Laframboise ** Bloc Qu»b»cois/Bloc Qu»b»cois",9,52.1300010681152,57.4000015258789,1,0,0,0,1,0,"Male",6,132,0,0
"244",2006,"ON","Davenport","Mario Silva ** Liberal/Lib»ral",42,51.8699989318848,50.689998626709,1,1,0,0,0,0,"Male",2,107,0,1
"245",2008,"NS","Sydney--Victoria","Mark  Eyking",37,49.4000015258789,49.8800010681152,1,1,0,0,0,0,"Male",8,21,1,0
"246",2008,"ON","Ajax--Pickering","Mark  Holland",717,44.2999992370605,49.3800010681152,1,1,0,0,0,0,"Male",4,148,0,0
"247",2006,"ON","Ajax--Pickering","Mark Holland ** Liberal/Lib»ral",106,49.3800010681152,49.7700004577637,1,1,0,0,0,0,"Male",2,19,1,1
"248",2006,"BC","Langley","Mark Warawa ** Conservative/Conservateur",348,52.5699996948242,47.7000007629395,1,0,1,0,0,0,"Male",2,35,1,0
"249",2008,"QC","Notre Dame de Grace","Marlene  Jennings",442,44.5999984741211,43.8499984741211,1,1,0,0,0,0,"Female",15,182,0,0
"250",2008,"QC","Saint-L»onard--Saint-Michel","Massimo  Pacetti",18,57.2000007629395,57.1699981689453,1,1,0,0,0,0,"Male",6,184,0,0
"251",2006,"QC","Saint-L»onard--Saint-Michel","Massimo Pacetti ** Liberal/Lib»ral",89,57.1699981689453,63.9000015258789,1,1,0,0,0,0,"Male",4,224,0,1
"252",2008,"SK","Saskatoon--Wanuskewin","Maurice  Vellacott",253,56.4000015258789,49.3899993896484,1,0,1,0,0,0,"Male",11,115,1,1
"253",2006,"SK","Saskatoon--Wanuskewin","Maurice Vellacott ** Conservative/Conservateur",199,49.3899993896484,46.6399993896484,1,0,1,0,0,0,"Male",9,134,0,0
"254",2008,"ON","Ottawa--Vanier","Mauril  B»langer",115,46.2000007629395,42.310001373291,1,1,0,0,0,0,"Male",13,169,0,0
"255",2008,"ON","Vaughan","Maurizio  Bevilacqua",530,49.2000007629395,59.7200012207031,1,1,0,0,0,0,"Male",18,235,0,0
"256",2006,"ON","Vaughan","Maurizio Bevilacqua ** Liberal/Lib»ral",83,59.7200012207031,62.9599990844727,1,1,0,0,0,0,"Male",16,69,1,1
"257",2008,"QC","Vaudreuil-Soulanges","Meili  Faille",55,41.2999992370605,43.0800018310547,1,0,0,0,1,0,"Female",4,191,0,0
"258",2006,"QC","Vaudreuil-Soulanges","Meili Faille ** Bloc Qu»b»cois/Bloc Qu»b»cois",55,43.0800018310547,44.2900009155273,1,0,0,0,1,0,"Female",2,47,1,0
"259",2008,"MN","Brandon--Souris","Merv  Tweed",26,57.0999984741211,54.4300003051758,1,0,1,0,0,0,"Male",4,183,0,1
"260",2006,"MN","Brandon--Souris","Merv Tweed ** Conservative/Conservateur",4,54.4300003051758,51.7200012207031,1,0,1,0,0,0,"Male",2,114,0,0
"261",2008,"ON","Etobicoke--Lakeshore","Michael  Ignatieff",6625,46.0999984741211,43.6300010681152,1,1,0,0,0,0,"Male",2,253,0,0
"262",2006,"ON","Wellington--Halton Hills","Michael Chong ** Conservative/Conservateur",4,50.6699981689453,42.810001373291,1,0,1,0,0,0,"Male",2,168,0,0
"263",2008,"NS","Dartmouth--Cole Harbour","Michael John  Savage",36,39.5,42.3199996948242,1,1,0,0,0,0,"Male",4,157,0,0
"264",2006,"NS","Dartmouth--Cole Harbour","Michael Savage ** Liberal/Lib»ral",60,42.3199996948242,42.0699996948242,1,1,0,0,0,0,"Male",2,122,0,1
"265",2008,"QC","Montmorency--Charlevoix--Haute-CŸte-Nord","Michel  Guimond",70,48.9000015258789,49.1100006103516,1,0,0,0,1,0,"Male",15,73,1,0
"266",2006,"QC","Roberval--Lac-Saint-Jean","Michel Gauthier ** Bloc Qu»b»cois/Bloc Qu»b»cois",190,45.2000007629395,59.4099998474121,1,0,0,0,1,0,"Male",13,65,1,0
"267",2006,"QC","Montmorency--Charlevoix--Haute-CŸte-Nord","Michel Guimond ** Bloc Qu»b»cois/Bloc Qu»b»cois",115,49.1100006103516,60.9099998474121,1,0,0,0,1,0,"Male",13,44,1,0
"268",2008,"NB","Tobique--Mactaquac","Mike  Allen",367,57.4000015258789,43.7799987792969,1,0,1,0,0,0,"Male",2,208,0,1
"269",2008,"ON","Burlington","Mike  Wallace",393,48.4000015258789,43.1100006103516,1,0,1,0,0,0,"Male",2,27,1,1
"270",2008,"QC","RiviÀre-du-Nord","Monique  Guay",29,53.5999984741211,59.0800018310547,1,0,0,0,1,0,"Female",15,125,0,0
"271",2006,"QC","RiviÀre-du-Nord","Monique Guay ** Bloc Qu»b»cois/Bloc Qu»b»cois",15,59.0800018310547,66.3300018310547,1,0,0,0,1,0,"Female",13,87,1,0
"272",2006,"AL","Medicine Hat","Monte Solberg ** Conservative/Conservateur",1223,79.7099990844727,76.1500015258789,1,0,1,0,0,0,"Male",13,117,0,0
"273",2006,"AL","Wild Rose","Myron Thompson ** Conservative/Conservateur",186,72.1699981689453,70.5999984741211,1,0,1,0,0,0,"Male",13,71,1,0
"274",2006,"Nunavut","Nunavut","Nancy Karetak-Lindell ** Liberal/Lib»ral",12,39.9799995422363,51.2999992370605,1,1,0,0,0,0,"Female",9,49,1,1
"275",2008,"BC","Skeena--Bulkley Valley","Nathan  Cullen",1362,49.7000007629395,48.3300018310547,1,0,0,1,0,0,"Male",4,16,1,0
"276",2006,"BC","Skeena--Bulkley Valley","Nathan Cullen ** N.D.P./N.P.D.",463,48.3300018310547,37.1399993896484,1,0,0,1,0,0,"Male",2,162,0,0
"277",2008,"ON","Mississauga--Brampton South","Navdeep  Bains",278,47.5,53.939998626709,1,1,0,0,0,0,"Male",4,170,0,0
"278",2008,"QC","Laval","Nicole  Demers",32,37.7999992370605,44.3499984741211,1,0,0,0,1,0,"Female",4,39,1,0
"279",2006,"QC","Laval","Nicole Demers ** Bloc Qu»b»cois/Bloc Qu»b»cois",7,44.3499984741211,50.0900001525879,1,0,0,0,1,0,"Female",2,161,0,0
"280",2008,"BC","Fleetwood--Port Kells","Nina  Grewal",197,44.5999984741211,33.4700012207031,1,0,1,0,0,0,"Female",4,167,0,1
"281",2006,"BC","Fleetwood--Port Kells","Nina Grewal ** Conservative/Conservateur",385,33.4700012207031,35.7999992370605,1,0,1,0,0,0,"Female",2,37,1,0
"282",2006,"NFLD","St. John's East/St. John's-Est","Norman Doyle ** Conservative/Conservateur",62,46.560001373291,41.4000015258789,1,0,1,0,0,0,"Male",9,123,0,0
"283",2006,"QC","LotbiniÀre--Chutes-de-la-ChaudiÀre","Odina Desrochers ** Bloc Qu»b»cois/Bloc Qu»b»cois",0,29.6399993896484,45.9900016784668,0,0,0,0,1,0,"Male",9,77,1,0
"284",2008,"ON","Trinity--Spadina","Olivia  Chow",695,40.9000015258789,46.0299987792969,1,0,0,1,0,0,"Female",2,158,0,0
"285",2008,"ON","Mississauga--Erindale","Omar  Alghabra",253,42.2000007629395,44.810001373291,0,1,0,0,0,0,"Male",2,251,0,0
"286",2008,"QC","Honor»-Mercier","Pablo  Rodriguez",335,43.5999984741211,38.2299995422363,1,1,0,0,0,0,"Male",4,3,1,0
"287",2006,"QC","Honor»-Mercier","Pablo Rodriguez ** Liberal/Lib»ral",63,38.2299995422363,46.0999984741211,1,1,0,0,0,0,"Male",2,110,0,1
"288",2008,"ON","Sarnia--Lambton","Pat  Davidson",7,49.9000015258789,40.9799995422363,1,0,1,0,0,0,"Female",2,79,1,1
"289",2008,"MB","Winnipeg Centre","Pat  Martin",1744,48.9000015258789,48.4300003051758,1,0,0,1,0,0,"Male",11,123,0,0
"290",2006,"MB","Winnipeg Centre/Winnipeg-Centre","Pat Martin ** N.D.P./N.P.D.",650,48.4300003051758,45.3899993896484,1,0,0,1,0,0,"Male",9,11,1,0
"291",2008,"ON","Barrie","Patrick  Brown",92,52.4000015258789,41.8800010681152,1,0,1,0,0,0,"Male",2,128,0,1
"292",2008,"QC","Montmagny--L'Islet--Kamouraska--RiviÀre-du-Loup","Paul  CrÕte",45,46,52.439998626709,1,0,0,0,1,0,"Male",15,47,1,0
"293",2008,"ON","Ottawa Centre","Paul  Dewar",526,39.7000007629395,36.939998626709,1,0,0,1,0,0,"Male",2,199,0,0
"294",2008,"ON","Mississauga South","Paul  Szabo",452,44.0999984741211,44.1699981689453,1,1,0,0,0,0,"Male",15,55,1,0
"295",2008,"NB","Saint John","Paul  Zed",573,38.0999984741211,42.9199981689453,0,1,0,0,0,0,"Male",8,188,0,0
"296",2006,"QC","Montmagny--L'Islet--Kamouraska--RiviÀre-du-Loup","Paul Crete ** Bloc Qu»b»cois/Bloc Qu»b»cois",17,52.439998626709,57.1300010681152,1,0,0,0,1,0,"Male",13,41,1,0
"297",2006,"BC","New Westminster--Coquitlam","Paul Forseth ** Conservative/Conservateur",220,32.5299987792969,32.8699989318848,0,0,1,0,0,0,"Male",13,189,0,0
"298",2006,"ON","Huron--Bruce","Paul Steckle ** Liberal/Lib»ral",103,39.8400001525879,49.7900009155273,1,1,0,0,0,0,"Male",12,184,0,1
"299",2006,"ON","Mississauga South/Mississauga-Sud","Paul Szabo ** Liberal/Lib»ral",117,44.1699981689453,51.6699981689453,1,1,0,0,0,0,"Male",13,8,1,1
"300",2006,"NB","Saint John","Paul Zed ** Liberal/Lib»ral",247,42.9199981689453,43.2799987792969,1,1,0,0,0,0,"Male",6,64,1,1
"301",2008,"QC","Trois-RiviÀres","Paule  Brunelle",10,45.2999992370605,45.8699989318848,1,0,0,0,1,0,"Female",4,134,0,0
"302",2006,"QC","Trois-RiviÀres","Paule Brunelle ** Bloc Qu»b»cois/Bloc Qu»b»cois",16,45.8699989318848,56.5099983215332,1,0,0,0,1,0,"Female",2,14,1,0
"303",2006,"QC","Drummond","Pauline Picard ** Bloc Qu»b»cois/Bloc Qu»b»cois",1,49.689998626709,56.2900009155273,1,0,0,0,1,0,"Female",13,204,0,0
"304",2008,"ON","Parkdale--High Park","Peggy  Nash",436,36,40.4099998474121,0,0,0,1,0,0,"Female",2,70,1,0
"305",2008,"AL","Edmonton East","Peter  Goldring",75,50.9000015258789,50.1300010681152,1,0,1,0,0,0,"Male",11,226,0,1
"306",2008,"BC","Burnaby--New Westminster","Peter  Julian",654,46.5,38.7900009155273,1,0,0,1,0,0,"Male",4,152,0,0
"307",2008,"NS","Sackville--Eastern Shore","Peter  Stoffer",329,61.5,52.9500007629395,1,0,0,1,0,0,"Male",11,120,0,0
"308",2006,"NS","Central Nova/Nova-Centre","Peter G. MacKay ** Conservative/Conservateur",2867,40.6599998474121,43.2700004577637,1,0,1,0,0,0,"Male",9,76,1,0
"309",2006,"AL","Edmonton East/Edmonton-Est","Peter Goldring ** Conservative/Conservateur",156,50.1300010681152,46.0200004577637,1,0,1,0,0,0,"Male",9,127,0,0
"310",2006,"BC","Burnaby--New Westminster","Peter Julian ** N.D.P./N.P.D.",288,38.7900009155273,33.7200012207031,1,0,0,1,0,0,"Male",2,51,1,0
"311",2006,"NS","Sackville--Eastern Shore","Peter Stoffer ** N.D.P./N.P.D.",227,52.9500007629395,45.7700004577637,1,0,0,1,0,0,"Male",9,54,1,0
"312",2006,"ON","York--Simcoe","Peter Van Loan ** Conservative/Conservateur",50,47.9300003051758,45.1699981689453,1,0,1,0,0,0,"Male",2,187,0,0
"313",2008,"QC","Joliette","Pierre  Paquette",127,52.4000015258789,54.1199989318848,1,0,0,0,1,0,"Male",8,99,1,0
"314",2006,"QC","Joliette","Pierre A. Paquette ** Bloc Qu»b»cois/Bloc Qu»b»cois",33,54.1199989318848,63.4199981689453,1,0,0,0,1,0,"Male",6,94,0,0
"315",2006,"ON","Nepean--Carleton","Pierre Poilievre ** Conservative/Conservateur",132,54.9700012207031,45.6599998474121,1,0,1,0,0,0,"Male",2,58,1,0
"316",2008,"AL","Edmonton--Strathcona","Rahim  Jaffer",274,41.5999984741211,41.7099990844727,0,0,1,0,0,0,"Male",11,216,0,1
"317",2006,"AL","Edmonton--Strathcona","Rahim Jaffer ** Conservative/Conservateur",256,41.7099990844727,39.4000015258789,1,0,1,0,0,0,"Male",9,99,0,0
"318",2008,"SK","Wascana","Ralph  Goodale",1901,46.0999984741211,51.7799987792969,1,1,0,0,0,0,"Male",20,22,1,0
"319",2006,"BC","Pitt Meadows--Maple Ridge--Mission","Randy Kamp ** Conservative/Conservateur",320,40.189998626709,38.5099983215332,1,0,1,0,0,0,"Male",2,154,0,0
"320",2008,"BC","Richmond","Raymond  Chan",397,30.7999992370605,42.8300018310547,0,1,0,0,0,0,"Male",15,119,0,0
"321",2008,"MB","Saint Boniface","Raymond  Simard",50,35.0999984741211,38.5900001525879,0,1,0,0,0,0,"Male",6,219,0,0
"322",2006,"ON","Nickel Belt","Raymond Bonin ** Liberal/Lib»ral",25,43.310001373291,42.4099998474121,1,1,0,0,0,0,"Male",13,2,1,1
"323",2008,"QC","Laval Les Iles","Raymonde  Folco",83,40.2000007629395,39.3199996948242,1,1,0,0,0,0,"Female",11,143,0,0
"324",2006,"QC","Laval Les Iles","Raymonde Folco ** Liberal/Lib»ral",35,39.3199996948242,47.8600006103516,1,1,0,0,0,0,"Female",9,201,0,1
"325",2008,"QC","GaspÈsie_Œles-de-la-Madeleine","Raynald  Blais",17,40.9000015258789,42.689998626709,1,0,0,0,1,0,"Male",4,52,1,0
"326",2006,"QC","GaspÈsie_Œles-de-la-Madeleine","Raynald Blais ** Bloc Qu»b»cois/Bloc Qu»b»cois",1,42.689998626709,55.6699981689453,1,0,0,1,0,0,"Male",2,102,0,0
"327",2008,"QC","Hochelaga","Real  M»nard",77,49.5999984741211,55.5800018310547,1,0,0,0,1,0,"Male",15,129,0,0
"328",2006,"QC","L»vis--Bellechasse","Real Lapierre ** Bloc Qu»b»cois/Bloc Qu»b»cois",2,29.0200004577637,44.3400001525879,0,0,0,0,1,0,"Male",2,191,0,0
"329",2006,"QC","Charlesbourg--Haute-Saint-Charles","Richard Marceau ** Bloc Qu»b»cois/Bloc Qu»b»cois",246,38.2799987792969,51.5999984741211,0,0,0,0,1,0,"Male",9,130,0,0
"330",2008,"QC","Gatineau","Richard Nadeau",105,29.1299991607666,39.2000007629395,0,0,0,0,1,0,"Male",2,5,1,0
"331",2008,"AL","Lethbridge","Rick  Casson",56,67,67.3000030517578,1,0,1,0,0,0,"Male",11,4,1,1
"332",2008,"ON","St. Catharines","Rick  Dykstra",51,45.9000015258789,37.4700012207031,1,0,1,0,0,0,"Male",2,137,0,1
"333",2008,"ON","Northumberland--Quinte West","Rick  Norlock",79,48.4000015258789,41.2099990844727,1,0,1,0,0,0,"Male",2,162,0,1
"334",2006,"AL","Lethbridge","Rick Casson ** Conservative/Conservateur",52,67.3000030517578,62.6199989318848,1,0,1,0,0,0,"Male",9,38,1,0
"335",2008,"AL","Calgary West","Rob  Anders",237,57.2999992370605,58.7099990844727,1,0,1,0,0,0,"Male",11,195,0,1
"336",2008,"AL","Yellowhead","Rob  Merrifield",72,71.9000015258789,71.1900024414062,1,0,1,0,0,0,"Male",8,136,0,1
"337",2006,"AL","Calgary West/Calgary-Ouest","Rob Anders ** Conservative/Conservateur",78,58.7099990844727,55.9000015258789,1,0,1,0,0,0,"Male",9,186,0,0
"338",2006,"AL","Yellowhead","Rob Merrifield ** Conservative/Conservateur",75,71.1900024414062,68.6100006103516,1,0,1,0,0,0,"Male",6,86,1,0
"339",2006,"NB","Fundy Royal","Rob Moore ** Conservative/Conservateur",200,48.310001373291,44.8199996948242,1,0,1,0,0,0,"Male",2,4,1,0
"340",2006,"ON","Niagara Falls","Rob Nicholson ** Conservative/Conservateur",103,40.3600006103516,38.7000007629395,1,0,1,0,0,0,"Male",11,173,0,0
"341",2008,"QC","Chicoutimi--Le Fjord","Robert  Bouchard",14,41.2000007629395,38.4900016784668,1,0,0,0,1,0,"Male",4,41,1,0
"342",2008,"QC","Alfred-Pellan","Robert  Carrier",17,38.9000015258789,42.9700012207031,1,0,0,0,1,0,"Male",4,88,1,0
"343",2008,"NS","West Nova","Robert  Thibault",331,36.0999984741211,39.2400016784668,0,1,0,0,0,0,"Male",8,63,1,0
"344",2008,"QC","Shefford","Robert  Vincent",34,43.2000007629395,43.0900001525879,1,0,0,0,1,0,"Male",4,242,0,0
"345",2006,"QC","Chicoutimi--Le Fjord","Robert Bouchard ** Bloc Qu»b»cois/Bloc Qu»b»cois",12,38.4900016784668,45.3300018310547,1,0,0,0,1,0,"Male",2,169,0,0
"346",2006,"QC","Alfred-Pellan","Robert Carrier ** Bloc Qu»b»cois/Bloc Qu»b»cois",1,42.9700012207031,49.2000007629395,1,0,0,0,1,0,"Male",2,113,0,0
"347",2006,"QC","Shefford","Robert Vincent ** Bloc Qu»b»cois/Bloc Qu»b»cois",11,43.0900001525879,46.5999984741211,1,0,0,0,1,0,"Male",2,53,1,0
"348",2008,"NS","Cape Breton--Canso","Rodger  Cuzner",76,48.0999984741211,53.189998626709,1,1,0,0,0,0,"Male",8,206,0,0
"349",2006,"NS","Cape Breton--Canso","Rodger Cuzner ** Liberal/Lib»ral",44,53.189998626709,53.2599983215332,1,1,0,0,0,0,"Male",6,10,1,1
"350",2008,"QC","Montcalm","Roger  Gaudet",13,55.5,62.2799987792969,1,0,0,0,1,0,"Male",6,83,1,0
"351",2008,"ON","Kenora","Roger  Valley",12,31.7999992370605,36.5200004577637,0,1,0,0,0,0,"Male",4,135,0,0
"352",2006,"QC","Louis-H»bert","Roger Clavet ** Bloc Qu»b»cois/Bloc Qu»b»cois",5,34.0800018310547,43.1100006103516,0,0,0,0,1,0,"Male",2,12,1,0
"353",2006,"ON","Sarnia--Lambton","Roger Gallaway ** Liberal/Lib»ral",185,33.1100006103516,41.9300003051758,0,1,0,0,0,0,"Male",13,104,0,1
"354",2006,"QC","Montcalm","Roger Gaudet ** Bloc Qu»b»cois/Bloc Qu»b»cois",1,62.2799987792969,71.2399978637695,1,0,0,0,1,0,"Male",4,3,1,0
"355",2006,"ON","Kenora","Roger Valley ** Liberal/Lib»ral",13,36.5200004577637,36.2299995422363,1,1,0,0,0,0,"Male",2,30,1,1
"356",2008,"BC","Kelowna--Lake Country","Ron  Cannan",316,56,49.1699981689453,1,0,1,0,0,0,"Male",2,45,1,1
"357",2006,"AL","Edmonton--Spruce Grove","Rona Ambrose ** Conservative/Conservateur",339,66.8300018310547,60.4000015258789,1,0,1,0,0,0,"Female",2,95,0,0
"358",2008,"ON","Ottawa--Orl»ans","Royal Galipeau",NA,44.9000015258789,41.0400009155273,1,0,1,0,0,0,"Male",2,233,0,0
"359",2008,"ON","Brampton--Springdale","Ruby  Dhalla",262,40.9000015258789,47.3400001525879,1,1,0,0,0,0,"Female",4,100,1,0
"360",2006,"ON","Brampton--Springdale","Ruby Dhalla ** Liberal/Lib»ral",99,47.3400001525879,47.7299995422363,1,1,0,0,0,0,"Female",2,26,1,1
"361",2006,"BC","South Surrey--White Rock--Cloverdale/Surrey-Sud--White Rock--Cloverdale","Russ Hiebert ** Conservative/Conservateur",333,46.6800003051758,42.6699981689453,1,0,1,0,0,0,"Male",2,135,0,0
"362",2006,"ON","Ancaster--Dundas--Flamborough--Westdale","Russ Powers ** Liberal/Lib»ral",6,34.5099983215332,39.689998626709,0,1,0,0,0,0,"Male",2,193,0,1
"363",2006,"QC","Hochelaga","R»al Menard ** Bloc Qu»b»cois/Bloc Qu»b»cois",45,55.5800018310547,60.1199989318848,1,0,0,0,1,0,"Male",13,141,0,0
"364",2008,"NS","Kings--Hants","Scott  Brison",1791,44.2000007629395,45.560001373291,1,1,0,0,0,0,"Male",11,20,1,0
"365",2008,"ON","Lanark--Frontenac--Lennox and Addington","Scott  Reid",249,55.7999992370605,51.0699996948242,1,0,1,0,0,0,"Male",8,201,0,1
"366",2008,"NFLD","Bonavista--Gander--Grand Falls--Windsor","Scott  Simms",86,70.3000030517578,52.0400009155273,1,1,0,0,0,0,"Male",4,159,0,0
"367",2006,"ON","Lanark--Frontenac--Lennox and Addington","Scott Reid ** Conservative/Conservateur",1612,51.0699996948242,48.7700004577637,1,0,1,0,0,0,"Male",6,29,1,0
"368",2006,"NFLD","Bonavista--Gander--Grand Falls--Windsor","Scott Simms ** Liberal/Lib»ral",77,52.0400009155273,48.2000007629395,1,1,0,0,0,0,"Male",2,50,1,1
"369",2006,"QC","JonquiÀre--Alma","Sebastien Gagnon ** Bloc Qu»b»cois/Bloc Qu»b»cois",12,39.2999992370605,54.9300003051758,0,0,0,0,1,0,"Male",4,142,0,0
"370",2008,"QC","Sherbrooke","Serge  Cardin",16,49.9000015258789,52.2000007629395,1,0,0,0,1,0,"Male",10,231,0,0
"371",2008,"QC","Marc-AurÀle-Fortin","Serge  M»nard",169,45.4000015258789,51,1,0,0,0,1,0,"Male",4,56,1,0
"372",2006,"QC","Sherbrooke","Serge Cardin ** Bloc Qu»b»cois/Bloc Qu»b»cois",9,52.2000007629395,58.7400016784668,1,0,0,0,1,0,"Male",8,219,0,0
"373",2006,"QC","Marc-AurÀle-Fortin","Serge Menard ** Bloc Qu»b»cois/Bloc Qu»b»cois",31,51,58.8800010681152,1,0,0,0,1,0,"Male",2,229,0,0
"374",2008,"PEI","Charlottetown","Shawn  Murphy",243,50.0999984741211,50.1599998474121,1,1,0,0,0,0,"Male",8,35,1,0
"375",2006,"AL","Calgary Southwest/Calgary-Sud-Ouest","Stephen J. Harper ** Conservative/Conservateur",22615,72.3600006103516,68.3600006103516,1,0,1,0,0,0,"Male",8,46,1,0
"376",2008,"QC","L»vis--Bellechasse","Steven  Blaney",34,45.9000015258789,46.4000015258789,1,0,1,0,0,0,"Male",2,7,1,1
"377",2006,"MB","Charleswood--St. James--Assiniboia","Steven Fletcher ** Conservative/Conservateur",246,46.9799995422363,44.2900009155273,1,0,1,0,0,0,"Male",2,214,0,0
"378",2006,"BC","Okanagan--Coquihalla","Stockwell Day ** Conservative/Conservateur",1280,50.2400016784668,49.7900009155273,1,0,1,0,0,0,"Male",6,73,1,0
"379",2008,"QC","Saint-Laurent--Cartierville","St»phane  Dion",20682,61.7000007629395,59.8499984741211,1,1,0,0,0,0,"Male",12,64,1,0
"380",2008,"ON","London West","Sue  Barnes",131,35.4000015258789,37.7000007629395,0,1,0,0,0,0,"Female",15,78,1,0
"381",2008,"BC","Newton--North Delta","Sukh  Dhaliwal",320,36.4000015258789,34.25,1,1,0,0,0,0,"Male",2,220,0,0
"382",2008,"ON","Thornhill","Susan  Kadis",113,39.4000015258789,53.0999984741211,0,1,0,0,0,0,"Female",4,118,0,0
"383",2006,"ON","Thornhill","Susan Kadis ** Liberal/Lib»ral",20,53.0999984741211,54.5800018310547,1,1,0,0,0,0,"Female",2,31,1,1
"384",2006,"AL","Macleod","Ted Menzies ** Conservative/Conservateur",89,75.4499969482422,74.7600021362305,1,0,1,0,0,0,"Male",2,103,0,0
"385",2008,"QC","Jeanne-Le Ber","Thierry  St-Cyr",18,34.7000007629395,40.2200012207031,1,0,0,0,1,0,"Male",2,138,0,0
"386",2008,"MB","Churchill","Tina  Keeper",117,28.7999992370605,40.6800003051758,0,1,0,0,0,0,"Female",2,150,0,0
"387",2008,"NFLD","Labrador","Todd  Russell",165,70.3000030517578,50.5299987792969,1,1,0,0,0,0,"Male",3,15,1,0
"388",2006,"SK","Regina--Lumsden--Lake Centre","Tom Lukiwski ** Conservative/Conservateur",105,42.1500015258789,33.2099990844727,1,0,1,0,0,0,"Male",2,101,0,0
"389",2006,"ON","Scarborough Southwest/Scarborough-Sud-Ouest","Tom Wappel ** Liberal/Lib»ral",99,47.8300018310547,49.4599990844727,1,1,0,0,0,0,"Male",18,62,1,1
"390",2008,"ON","Sault Ste. Marie","Tony  Martin",207,40.4000015258789,38.8800010681152,1,0,0,1,0,0,"Male",4,227,0,0
"391",2006,"ON","Sault Ste. Marie","Tony Martin ** N.D.P./N.P.D.",137,38.8800010681152,38.2900009155273,1,0,0,1,0,0,"Male",2,116,0,0
"392",2008,"BC","Vancouver South","Ujjal  Dosanjh",1577,38.5,48.0499992370605,1,1,0,0,0,0,"Male",4,212,0,0
"393",2006,"MB","Provencher","Vic Toews ** Conservative/Conservateur",757,65.6800003051758,63.0200004577637,1,0,1,0,0,0,"Male",6,185,0,0
"394",2008,"QC","Papineau","Vivian  Barbot",108,38.5999984741211,40.75,0,0,0,0,1,0,"Female",2,197,0,0
"395",2008,"ON","Mississauga--Streetsville","Wajid  Khan",620,35.7999992370605,45.9500007629395,0,0,1,0,0,0,"Male",4,181,0,1
"396",2006,"ON","Mississauga--Streetsville","Wajid Khan ** Liberal/Lib»ral",20,45.9500007629395,50.560001373291,1,1,0,0,0,0,"Male",2,9,1,1
"397",2008,"PEI","Malpeque","Wayne  Easter",569,44.2000007629395,50.4799995422363,1,1,0,0,0,0,"Male",15,72,1,0
"398",2008,"ON","Hamilton East--Stoney Creek","Wayne  Marston",56,41.4000015258789,36.0299987792969,1,0,0,1,0,0,"Male",2,193,0,0
"399",2006,"ON","Don Valley East/Don Valley-Est","Yasmin Ratansi ** Liberal/Lib»ral",19,54,48,1,1,0,0,0,0,"Female",2,124,0,1
"400",2006,"QC","Saint-Hyacinthe--Bagot","Yvan Loubier ** Bloc Qu»b»cois/Bloc Qu»b»cois",54,56.0200004577637,62.4000015258789,1,0,0,0,1,0,"Male",13,177,0,0
"401",2008,"QC","Chambly--Borduas","Yves  Lessard",7,50,54.7000007629395,1,0,0,0,1,0,"Male",4,126,0,0
"402",2006,"QC","Chambly--Borduas","Yves Lessard ** Bloc Qu»b»cois/Bloc Qu»b»cois",6,54.7000007629395,60.8499984741211,1,0,0,0,1,0,"Male",2,98,0,0
"403",2008,"NB","Acadie--Bathurst","Yvon  Godin",259,57.4000015258789,49.9000015258789,1,0,0,1,0,0,"Male",11,46,1,0
"404",2008,"QC","Abitibi--Baie-James--Nunavik--Eeyou","Yvon  Levesque",6,39.5999984741211,46.5699996948242,1,0,0,0,1,0,"Male",4,203,0,0
"405",2006,"NB","Acadie--Bathurst","Yvon Godin ** N.D.P./N.P.D.",192,49.9000015258789,53.9300003051758,1,0,0,1,0,0,"Male",9,81,1,0
"406",2006,"QC","Abitibi--Baie-James--Nunavik--Eeyou","Yvon Levesque ** Bloc Qu»b»cois/Bloc Qu»b»cois",2,46.5699996948242,45.2299995422363,1,0,0,0,1,0,"Male",2,27,1,0
